case,kind,truth_row,truth_column,truth_angle,truth_scale,found,row,column,angle,scale,position_error,angle_error,scale_error,total_ms
0,translation,44.07,51.030000000000001,-0,1,1,44.067018068254974,51.031059812288653,0.00021287986953736,1.0011015619204713,0.003164667284118908,0.00021287986953736,0.0011015619204712834,11.717286
1,translation,44.07,51.230000000000004,-0,1,1,44.060979322768162,51.228094213593266,-0.00017231127589369396,1.0008072347510024,0.0092197960687376602,-0.00017231127589369396,0.00080723475100241693,11.911087999999999
2,translation,44.07,51.43,-0,1,1,44.062359718134324,51.420559984061285,0.00021923227625180204,1.0007909103064911,0.012144455850723369,0.00021923227625180204,0.0007909103064911438,12.842487
3,translation,44.07,51.630000000000003,-0,1,1,44.060770167028402,51.641695476820132,0.00023497722051760329,1.0003869231718385,0.014898791720599368,0.00023497722051760329,0.00038692317183852687,12.955080000000001
4,translation,44.07,51.829999999999998,-0,1,1,44.062533254571889,51.834920939291507,0.00011952363525859738,1.0006279231806119,0.008942479007464043,0.00011952363525859738,0.00062792318061188901,11.09573
5,translation,44.32,51.030000000000001,-0,1,1,44.308391585392513,51.027043002410586,-0.00032549179352119679,1.0002894900962906,0.011979112005617073,-0.00032549179352119679,0.00028949009629064548,11.287349000000001
6,translation,44.32,51.230000000000004,-0,1,1,44.303565876996188,51.216396339955466,-0.00076867061308925465,1.0004064436941904,0.021334009597630176,-0.00076867061308925465,0.00040644369419040594,11.055019
7,translation,44.32,51.43,-0,1,1,44.302039747053826,51.419712041667317,-0.00062556115615322117,1.0001053478312674,0.020698134518491902,-0.00062556115615322117,0.00010534783126736613,11.236962999999999
8,translation,44.32,51.630000000000003,-0,1,1,44.303706036878935,51.642730980782254,-0.00031293717449039116,0.99983506055927407,0.020677792577271686,-0.00031293717449039116,-0.00016493944072593081,10.91666
9,translation,44.32,51.829999999999998,-0,1,1,44.304096115886139,51.840156719905011,0.00023308656603851239,1.0001708707772521,0.018870413062145569,0.00023308656603851239,0.00017087077725208566,11.410124
10,translation,44.57,51.030000000000001,-0,1,1,44.578040811852567,51.030491350603064,1.6760419167091623e-05,1.0007027023374344,0.008055810366655175,1.6760419167091623e-05,0.00070270233743441324,11.127548000000001
11,translation,44.57,51.230000000000004,-0,1,1,44.579819464494584,51.218674614888819,0.00010729599834523317,1.0005233888460938,0.014989537380354202,0.00010729599834523317,0.00052338884609381964,11.009691
12,translation,44.57,51.43,-0,1,1,44.582651653979163,51.41798838217241,0.00024107498914524786,1.0003636239539033,0.017445438121311704,0.00024107498914524786,0.0003636239539033248,11.006786999999999
13,translation,44.57,51.630000000000003,-0,1,1,44.580107721548536,51.64519352828372,0.00090240905292548459,0.999962552351921,0.018248543410663131,0.00090240905292548459,-3.7447648079003137e-05,11.923776999999999
14,translation,44.57,51.829999999999998,-0,1,1,44.583640452099878,51.83611445773046,0.0011526223869240502,1.0002220648067466,0.014948194768154151,0.0011526223869240502,0.00022206480674658025,10.992015
15,translation,44.82,51.030000000000001,-0,1,1,44.825385501884128,51.030496690301668,0.00036353021064637397,1.0007900473068003,0.00540835758800314,0.00036353021064637397,0.00079004730680032331,11.052185
16,translation,44.82,51.230000000000004,-0,1,1,44.830541308522989,51.21901470520919,0.00038975272505426201,1.0007864498564112,0.015224844400449824,0.00038975272505426201,0.00078644985641118659,11.171455
17,translation,44.82,51.43,-0,1,1,44.828697802078658,51.413538381673028,0.00065969496555725834,1.0006898376134765,0.018618180333812982,0.00065969496555725834,0.00068983761347651829,11.214229
18,translation,44.82,51.630000000000003,-0,1,1,44.82767143727002,51.640705002007451,0.0016001536777277285,1.0001204453521202,0.013169966505929838,0.0016001536777277285,0.00012044535212019092,11.262271
19,translation,44.82,51.829999999999998,-0,1,1,44.827475870820649,51.838295845696656,0.0012673800652871524,1.0007700967947444,0.011167349746013473,0.0012673800652871524,0.00077009679474437931,11.144973
20,pose,44.210454627304017,51.004902747128781,0.185,0.90000000000000002,1,44.212013137317271,51.003337699832009,0.18549756423616934,0.90025078815812698,0.0022086933926071966,0.00049756423616933998,0.00025078815812695776,10.693743
21,pose,44.182860465497853,51.207196996158729,0.14799999999999999,0.92000000000000004,1,44.185631881640532,51.201782278099294,0.149548781024121,0.92012764089480237,0.0060827558802784547,0.0015487810241210098,0.00012764089480232776,10.908056
22,pose,44.154955398216565,51.410829528449057,0.11099999999999999,0.94000000000000006,1,44.154993421982269,51.40427829239664,0.111797871238143,0.93997952890433589,0.0065513463975920734,0.00079787123814301086,-2.0471095664165162e-05,11.761962
23,pose,44.126801231332813,51.61582604942307,0.073999999999999996,0.95999999999999996,1,44.128028075827586,51.61823886675829,0.07446306354337838,0.95998786731246144,0.0027068126842270546,0.00046306354337838362,-1.2132687538524145e-05,10.959915000000001
24,pose,44.098461230359106,51.822209503116149,0.036999999999999998,0.97999999999999998,1,44.092195281201192,51.825240539926291,0.037365848137120794,0.98080241640938359,0.0069605533540087212,0.00036584813712079584,0.00080241640938361058,11.200426999999999
25,pose,44.32,51.030000000000001,-0,1,1,44.308391585392513,51.027043002410586,-0.00032549179352119679,1.0002894900962906,0.011979112005617073,-0.00032549179352119679,0.00028949009629064548,13.816516
26,pose,44.291483360386195,51.239214749965605,-0.036999999999999998,1.02,1,44.291449560145246,51.241691352982151,-0.036004778244016072,1.0207475487546731,0.0024768336556692779,0.00099522175598392576,0.00074754875467308857,11.644666000000001
27,pose,44.262978220208325,51.449868000610543,-0.073999999999999996,1.04,1,44.265654146310297,51.445768601983815,-0.073858106007506141,1.0408279627882482,0.0048954723576010075,0.00014189399249385504,0.00082796278824814884,11.273427
28,pose,44.234552446974469,51.661970980967617,-0.11099999999999999,1.0600000000000001,1,44.234085580122255,51.66206989218783,-0.11174483734144576,1.061093727978444,0.00047722959587666915,-0.00074483734144577263,0.0010937279784439813,11.082668999999999
29,pose,44.206274734621111,51.875531850801828,-0.14799999999999999,1.0800000000000001,1,44.201934067833037,51.870695920866687,-0.14794062142530892,1.0805322172500702,0.0064982771949709962,5.9378574691071329e-05,0.00053221725007013276,11.147517000000001
