contour_index,point_index,row,column
0,0,-38.277401,-21.425800
0,1,-38.545277,-20.509314
0,2,-38.709251,-19.529568
0,3,-38.798038,-18.517439
0,4,-38.830601,-17.500000
0,5,-38.826118,-16.496550
0,6,-38.813438,-15.501641
0,7,-38.803482,-14.500000
0,8,-38.797127,-13.498491
0,9,-38.792770,-12.500000
0,10,-38.795715,-11.504549
0,11,-38.804592,-10.504759
0,12,-38.811398,-9.496757
0,13,-38.810268,-8.498384
0,14,-38.808899,-7.504777
0,15,-38.808281,-6.503146
0,16,-38.806786,-5.496870
0,17,-38.798954,-4.496934
0,18,-38.785885,-3.497083
0,19,-38.775661,-2.498608
0,20,-38.777214,-1.504179
0,21,-38.788479,-0.505857
0,22,-38.799469,0.496960
0,23,-38.794804,1.504467
0,24,-38.786842,2.504303
0,25,-38.785019,3.497135
0,26,-38.791019,4.495613
0,27,-38.791039,5.502925
0,28,-38.786686,6.501441
0,29,-38.785580,7.498550
0,30,-38.792133,8.497004
0,31,-38.799988,9.495337
0,32,-38.809341,10.495216
0,33,-38.818352,11.498367
0,34,-38.827930,12.500000
0,35,-38.839706,13.498249
0,36,-38.843750,14.500000
0,37,-38.835209,15.507057
0,38,-38.803883,16.507956
0,39,-38.759418,17.510698
0,40,-38.691746,18.517883
0,41,-38.588940,19.513866
0,42,-38.403763,20.475382
0,43,-37.844021,21.710934
0,44,-36.904888,22.888018
0,45,-35.747612,23.820568
0,46,-34.565056,24.607187
0,47,-33.420391,25.368572
0,48,-32.229374,26.038168
0,49,-31.500628,26.501078
0,50,-30.346546,27.233055
0,51,-29.575399,27.633873
0,52,-28.418745,28.354244
0,53,-27.202433,28.961546
0,54,-26.469585,29.441788
0,55,-25.284729,30.110121
0,56,-24.519672,30.534864
0,57,-23.360081,31.249311
0,58,-22.575611,31.637970
0,59,-21.422049,32.367790
0,60,-20.228811,32.996365
0,61,-19.484039,33.471142
0,62,-18.305702,34.158943
0,63,-17.533222,34.562946
0,64,-16.369473,35.269894
0,65,-15.129589,35.843971
0,66,-14.439154,36.382275
0,67,-13.221491,36.994797
0,68,-12.478392,37.458828
0,69,-11.286039,38.108551
0,70,-10.523626,38.541286
0,71,-9.373598,39.288471
0,72,-8.177204,39.907528
0,73,-7.456371,40.413746
0,74,-6.248053,41.026829
0,75,-5.472552,41.446323
0,76,-4.271498,42.042995
0,77,-3.483403,42.466995
0,78,-2.659234,42.855049
0,79,-1.447991,43.309299
0,80,-0.497226,43.410297
0,81,0.471311,43.356552
0,82,1.380006,43.143951
0,83,2.553418,42.626263
0,84,3.405111,42.295361
0,85,4.570106,41.634113
0,86,5.386570,41.275719
0,87,6.552377,40.594727
0,88,7.344508,40.222210
0,89,8.497446,39.495586
0,90,9.252266,39.067978
0,91,10.417377,38.349949
0,92,11.084103,37.781631
0,93,12.323238,37.184639
0,94,13.494642,36.489471
0,95,14.295582,36.091164
0,96,15.471119,35.445766
0,97,16.237373,34.994949
0,98,17.421312,34.353352
0,99,18.079485,33.776073
0,100,19.347868,33.232117
0,101,20.507458,32.512939
0,102,21.243809,32.064476
0,103,22.439358,31.389036
0,104,23.147375,30.856459
0,105,24.386492,30.295929
0,106,25.542315,29.577059
0,107,26.316545,29.174969
0,108,27.482115,28.467770
0,109,28.217972,28.004017
0,110,29.419571,27.358641
0,111,30.098642,26.744814
0,112,31.338978,26.227247
0,113,32.495323,25.492147
0,114,33.208328,25.019051
0,115,34.406216,24.340937
0,116,35.535805,23.550749
0,117,36.148552,23.079517
0,118,36.971725,22.086388
0,119,37.394421,21.453144
0,120,37.683414,20.545349
0,121,37.909107,19.559093
0,122,38.086613,18.466482
0,123,38.172546,17.486357
0,124,38.222256,16.494360
0,125,38.246601,15.494906
0,126,38.266376,14.494101
0,127,38.294003,13.493820
0,128,38.330612,12.494993
0,129,38.365932,11.496057
0,130,38.393993,10.496851
0,131,38.409603,9.498657
0,132,38.416122,8.499578
0,133,38.414909,7.499570
0,134,38.415703,6.500000
0,135,38.417999,5.500408
0,136,38.419262,4.500792
0,137,38.412647,3.500852
0,138,38.404446,2.500000
0,139,38.398643,1.499493
0,140,38.398724,0.501003
0,141,38.398262,-0.499501
0,142,38.396549,-1.499493
0,143,38.391899,-2.498418
0,144,38.382053,-3.497699
0,145,38.366837,-4.498042
0,146,38.354122,-5.500000
0,147,38.352684,-6.500733
0,148,38.358406,-7.500000
0,149,38.363438,-8.500000
0,150,38.366951,-9.501330
0,151,38.371017,-10.501296
0,152,38.378437,-11.498791
0,153,38.382744,-12.500000
0,154,38.379932,-13.498823
0,155,38.365677,-14.497366
0,156,38.341618,-15.496060
0,157,38.307480,-16.492260
0,158,38.261047,-17.485518
0,159,38.187107,-18.470818
0,160,38.067997,-19.445406
0,161,37.809414,-20.571131
0,162,37.497829,-21.499065
0,163,36.677834,-22.675076
0,164,35.568188,-23.597059
0,165,34.436691,-24.397734
0,166,33.701260,-24.826530
0,167,32.535431,-25.560200
0,168,31.833763,-26.075453
0,169,30.609125,-26.689590
0,170,29.453371,-27.410751
0,171,28.654072,-27.799488
0,172,27.488672,-28.478848
0,173,26.722363,-28.902723
0,174,25.550499,-29.591627
0,175,24.853785,-30.135107
0,176,23.608105,-30.696865
0,177,22.454903,-31.421648
0,178,21.682480,-31.835930
0,179,20.516375,-32.529205
0,180,19.774364,-32.991302
0,181,18.571169,-33.629601
0,182,17.923901,-34.223732
0,183,16.643719,-34.759621
0,184,15.483499,-35.470699
0,185,14.736779,-35.908508
0,186,13.561774,-36.607948
0,187,12.910254,-37.186939
0,188,11.646825,-37.758472
0,189,10.480592,-38.463810
0,190,9.706835,-38.881134
0,191,8.533774,-39.560658
0,192,7.828422,-40.062469
0,193,6.600648,-40.687229
0,194,5.437962,-41.377304
0,195,4.629116,-41.755264
0,196,3.463449,-42.426899
0,197,2.634588,-42.803734
0,198,1.453838,-43.376202
0,199,0.517426,-43.590614
0,200,-0.511586,-43.631069
0,201,-1.490369,-43.472485
0,202,-2.717992,-42.938778
0,203,-3.499958,-42.499920
0,204,-4.669719,-41.820370
0,205,-5.458905,-41.423317
0,206,-6.620754,-40.737526
0,207,-7.431609,-40.366127
0,208,-8.590979,-39.670586
0,209,-9.818862,-39.081455
0,210,-10.543459,-38.585983
0,211,-11.746902,-37.936829
0,212,-12.496706,-37.494164
0,213,-13.654961,-36.772354
0,214,-14.436194,-36.383762
0,215,-15.592434,-35.674274
0,216,-16.825966,-35.101486
0,217,-17.547276,-34.587799
0,218,-18.736378,-33.925480
0,219,-19.493603,-33.488586
0,220,-20.653961,-32.778751
0,221,-21.435196,-32.381081
0,222,-22.586060,-31.654734
0,223,-23.799925,-31.057507
0,224,-24.537971,-30.574745
0,225,-25.731777,-29.934584
0,226,-26.498650,-29.497625
0,227,-27.661036,-28.796644
0,228,-28.454908,-28.411736
0,229,-29.612417,-27.695606
0,230,-30.829277,-27.082857
0,231,-31.542048,-26.577019
0,232,-32.732925,-25.919777
0,233,-33.490982,-25.483908
0,234,-34.650734,-24.763014
0,235,-35.962711,-24.148752
0,236,-36.539738,-23.554249
0,237,-37.604443,-22.589981
0,238,-38.277401,-21.425800
1,0,-21.211832,-3.460977
1,1,-21.337099,-2.483871
1,2,-21.408552,-1.495117
1,3,-21.433748,-0.500323
1,4,-21.413754,0.495772
1,5,-21.348742,1.485702
1,6,-21.230822,2.463925
1,7,-21.029373,3.422424
1,8,-20.758013,4.555097
1,9,-20.550867,5.513102
1,10,-20.308304,6.437468
1,11,-19.755156,7.612268
1,12,-19.414324,8.460273
1,13,-18.771404,9.642242
1,14,-18.216444,10.940481
1,15,-17.603849,11.566086
1,16,-16.784489,12.709622
1,17,-15.870714,13.845245
1,18,-14.859323,14.876851
1,19,-13.794888,15.854383
1,20,-12.663895,16.728550
1,21,-11.520933,17.534958
1,22,-10.366690,18.251558
1,23,-9.565719,18.633703
1,24,-8.388374,19.233004
1,25,-7.512944,19.535786
1,26,-6.582372,19.807178
1,27,-5.433939,20.185341
1,28,-4.481411,20.381647
1,29,-3.500511,20.504353
1,30,-2.506516,20.592617
1,31,-1.512051,20.657473
1,32,-0.505097,20.692659
1,33,0.511617,20.679100
1,34,1.508481,20.612679
1,35,2.500698,20.504995
1,36,3.471582,20.352228
1,37,4.405509,20.097805
1,38,5.565090,19.731884
1,39,6.496847,19.490133
1,40,7.363739,19.150265
1,41,8.554933,18.621000
1,42,9.367496,18.243595
1,43,10.529204,17.548885
1,44,11.192139,17.039978
1,45,12.362561,16.324602
1,46,13.434533,15.426067
1,47,14.479258,14.479094
1,48,15.465885,13.469647
1,49,16.379080,12.405951
1,50,17.170969,11.287501
1,51,17.624161,10.575273
1,52,18.336979,9.415579
1,53,18.686001,8.586587
1,54,19.271004,7.404585
1,55,19.571970,6.523451
1,56,19.839834,5.598789
1,57,20.231945,4.439423
1,58,20.436186,3.490694
1,59,20.567030,2.509140
1,60,20.666332,1.516801
1,61,20.741243,0.512371
1,62,20.790621,-0.489514
1,63,20.799984,-1.501554
1,64,20.757856,-2.515868
1,65,20.674751,-3.518441
1,66,20.562103,-4.509887
1,67,20.417528,-5.483756
1,68,20.214231,-6.432760
1,69,19.818468,-7.596772
1,70,19.522617,-8.508390
1,71,19.182196,-9.362471
1,72,18.591427,-10.541242
1,73,18.240196,-11.374527
1,74,17.563368,-12.537147
1,75,16.742689,-13.682805
1,76,15.850047,-14.802541
1,77,14.902145,-15.889578
1,78,13.842220,-16.881815
1,79,12.679146,-17.757318
1,80,11.528762,-18.546400
1,81,10.817352,-19.044548
1,82,9.576748,-19.652643
1,83,8.798435,-20.166073
1,84,7.530756,-20.582016
1,85,6.635113,-20.892050
1,86,5.451949,-21.322870
1,87,4.504580,-21.521870
1,88,3.538219,-21.691095
1,89,2.556926,-21.857821
1,90,1.459893,-22.007252
1,91,0.497542,-22.069838
1,92,-0.484943,-22.060844
1,93,-1.464579,-21.992292
1,94,-2.538518,-21.878757
1,95,-3.533698,-21.739777
1,96,-4.516490,-21.585127
1,97,-5.480583,-21.410021
1,98,-6.398439,-21.158211
1,99,-7.565967,-20.681662
1,100,-8.445139,-20.371258
1,101,-9.613712,-19.744272
1,102,-10.443706,-19.394524
1,103,-11.596621,-18.645367
1,104,-12.748755,-17.831673
1,105,-13.906433,-16.973003
1,106,-15.026464,-16.017904
1,107,-15.972048,-14.904613
1,108,-16.836597,-13.744198
1,109,-17.630611,-12.582492
1,110,-18.421227,-11.451631
1,111,-18.837244,-10.684875
1,112,-19.477982,-9.490279
1,113,-19.818743,-8.626057
1,114,-20.361572,-7.451143
1,115,-20.594210,-6.522591
1,116,-20.785116,-5.543065
1,117,-20.989216,-4.567571
1,118,-21.211832,-3.460977
